{
  "representative": 0,
  "mask": 1,
  "vertices": {
    "0": [
      -2.295906,
      -0.093128,
      0.302645
    ],
    "1": [
      -0.453245,
      0.234295,
      0.168057
    ],
    "2": [
      0.244958,
      -0.193151,
      0.374392
    ],
    "3": [
      -2.49455,
      0.510332,
      0.308187
    ],
    "4": [
      -2.062612,
      0.350874,
      0.123763
    ],
    "5": [
      -2.494958,
      -0.572468,
      0.294515
    ]
  },
  "edges": {
    "0-3": [
      [
        -2.311003,
        -0.067106,
        0.308504
      ],
      [
        -2.326389,
        -0.041582,
        0.313956
      ],
      [
        -2.341597,
        -0.01556,
        0.319555
      ],
      [
        -2.356363,
        0.011927,
        0.325337
      ],
      [
        -2.372841,
        0.04485,
        0.329402
      ],
      [
        -2.39122,
        0.084384,
        0.333266
      ],
      [
        -2.409317,
        0.125955,
        0.337015
      ],
      [
        -2.426548,
        0.167454,
        0.339458
      ],
      [
        -2.441554,
        0.206745,
        0.339073
      ],
      [
        -2.452587,
        0.237322,
        0.337743
      ],
      [
        -2.462675,
        0.266509,
        0.336864
      ],
      [
        -2.471472,
        0.295417,
        0.334642
      ],
      [
        -2.478999,
        0.325284,
        0.332567
      ],
      [
        -2.485046,
        0.358751,
        0.329275
      ],
      [
        -2.489025,
        0.395787,
        0.325718
      ],
      [
        -2.491483,
        0.433984,
        0.3207
      ],
      [
        -2.493268,
        0.472558,
        0.31524
      ]
    ],
    "0-4": [
      [
        -2.294395,
        -0.090448,
        0.301831
      ],
      [
        -2.290176,
        -0.082743,
        0.298977
      ],
      [
        -2.283401,
        -0.070488,
        0.294621
      ],
      [
        -2.274255,
        -0.054109,
        0.288586
      ],
      [
        -2.263685,
        -0.034085,
        0.280588
      ],
      [
        -2.251223,
        -0.01085,
        0.271737
      ],
      [
        -2.237343,
        0.014984,
        0.261129
      ],
      [
        -2.222567,
        0.04323,
        0.24955
      ],
      [
        -2.207988,
        0.073354,
        0.235982
      ],
      [
        -2.191701,
        0.104787,
        0.223089
      ],
      [
        -2.176098,
        0.137337,
        0.208912
      ],
      [
        -2.160024,
        0.170504,
        0.195024
      ],
      [
        -2.143368,
        0.203491,
        0.181314
      ],
      [
        -2.127596,
        0.236077,
        0.167984
      ],
      [
        -2.110216,
        0.26771,
        0.155861
      ],
      [
        -2.094559,
        0.297903,
        0.143842
      ],
      [
        -2.078221,
        0.325821,
        0.133223
      ]
    ],
    "0-5": [
      [
        -2.310114,
        -0.127005,
        0.310618
      ],
      [
        -2.324823,
        -0.161153,
        0.317523
      ],
      [
        -2.339458,
        -0.195088,
        0.324307
      ],
      [
        -2.353835,
        -0.228402,
        0.330628
      ],
      [
        -2.367909,
        -0.259765,
        0.334262
      ],
      [
        -2.381917,
        -0.289829,
        0.336429
      ],
      [
        -2.395931,
        -0.319323,
        0.338238
      ],
      [
        -2.409605,
        -0.347757,
        0.338277
      ],
      [
        -2.422409,
        -0.374495,
        0.338349
      ],
      [
        -2.432316,
        -0.394207,
        0.336678
      ],
      [
        -2.441674,
        -0.41231,
        0.332945
      ],
      [
        -2.45067,
        -0.430196,
        0.329413
      ],
      [
        -2.459334,
        -0.448813,
        0.326105
      ],
      [
        -2.467871,
        -0.470589,
        0.322664
      ],
      [
        -2.475481,
        -0.495442,
        0.316804
      ],
      [
        -2.482298,
        -0.521153,
        0.310261
      ],
      [
        -2.488925,
        -0.547224,
        0.30371
      ]
    ],
    "1-3": [
      [
        -0.469308,
        0.320143,
        0.151693
      ],
      [
        -0.499521,
        0.420284,
        0.162695
      ],
      [
        -0.54618,
        0.536173,
        0.198137
      ],
      [
        -0.633955,
        0.644551,
        0.203391
      ],
      [
        -0.74075,
        0.761867,
        0.226827
      ],
      [
        -0.862189,
        0.879249,
        0.267107
      ],
      [
        -0.976877,
        0.93065,
        0.270622
      ],
      [
        -1.135364,
        0.965454,
        0.269919
      ],
      [
        -1.343306,
        0.980425,
        0.275392
      ],
      [
        -1.566131,
        0.970525,
        0.294383
      ],
      [
        -1.76137,
        0.949556,
        0.320554
      ],
      [
        -1.929315,
        0.922956,
        0.336071
      ],
      [
        -2.095442,
        0.866146,
        0.339454
      ],
      [
        -2.217723,
        0.798332,
        0.335122
      ],
      [
        -2.301685,
        0.72793,
        0.33008
      ],
      [
        -2.373009,
        0.661957,
        0.323321
      ],
      [
        -2.436663,
        0.589262,
        0.316019
      ]
    ],
    "1-4": [
      [
        -0.416212,
        -0.024037,
        0.246232
      ],
      [
        -0.382885,
        -0.383878,
        0.27276
      ],
      [
        -0.442323,
        -0.649648,
        0.316029
      ],
      [
        -0.618045,
        -0.846495,
        0.321775
      ],
      [
        -0.805891,
        -0.940929,
        0.314136
      ],
      [
        -0.975989,
        -1.017607,
        0.317957
      ],
      [
        -1.106134,
        -1.03422,
        0.312894
      ],
      [
        -1.290391,
        -1.002313,
        0.289159
      ],
      [
        -1.507019,
        -0.947851,
        0.271606
      ],
      [
        -1.712687,
        -0.89435,
        0.283837
      ],
      [
        -1.86943,
        -0.790505,
        0.281085
      ],
      [
        -1.99156,
        -0.669109,
        0.273032
      ],
      [
        -2.053709,
        -0.558902,
        0.257309
      ],
      [
        -2.094053,
        -0.430981,
        0.225885
      ],
      [
        -2.118284,
        -0.328768,
        0.199244
      ],
      [
        -2.13467,
        -0.201499,
        0.165549
      ],
      [
        -2.140094,
        -0.123544,
        0.148505
      ],
      [
        -2.139144,
        0.002304,
        0.125601
      ],
      [
        -2.127592,
        0.080753,
        0.103993
      ],
      [
        -2.104646,
        0.180018,
        0.080379
      ],
      [
        -2.09028,
        0.239977,
        0.081791
      ],
      [
        -2.0781,
        0.276939,
        0.083948
      ]
    ],